pid,pid_up
*,
1,6
6,3
7,8
9,"4,5"
16,25
22,"14,23,29"
24,18
29,30
33,27
35,"27,33"
38,49
43,"33,41,46"
46,51
57,50
58,"44,52,53"
61,68
62,64
63,89
64,69
66,69
72,102
73,83
75,"54,63"
77,80
78,102
79,84
82,103
84,93
96,108
98,91
102,85
104,"111,112,150"
107,"81,90,95,688"
112,"104,111,150"
121,135
124,123
125,699
126,"113,129,145"
129,"111,113,150,188"
131,127
133,132
135,"133,148,155"
140,139
141,123
143,144
145,706
147,202
158,165
159,"136,157"
160,"152,169,174"
163,151
164,211
166,218
169,174
173,"169,187"
180,"151,163"
182,"183,201"
188,714
192,204
198,"172,184,219"
199,228
201,221
207,196
223,218
230,"187,214,247"
234,210
235,221
237,275
239,269
243,"234,239"
245,269
247,"187,214,230"
250,298
266,292
268,"257,273"
279,333
280,219
297,309
306,333
310,319
311,"322,323,361"
315,"334,341"
316,341
317,"309,367"
320,326
323,332
334,364
340,347
341,"350,367,395"
342,"313,371"
346,336
353,386
356,340
357,753
361,386
367,"395,758"
381,"345,404"
384,383
386,"385,398"
387,400
391,358
394,"414,426,433"
395,"764,773"
397,"764,767"
398,"417,427,477"
399,434
410,446
411,432
413,401
417,477
418,"414,423"
420,442
427,"417,477"
428,400
431,474
436,437
440,500
444,435
447,432
453,390
456,"474,527"
459,"441,442"
460,"443,467"
464,"458,500"
466,"476,504"
470,452
471,459
472,522
473,457
477,"385,417"
478,475
482,527
484,462
487,471
488,467
493,497
499,"482,487,526"
500,464
507,"480,503"
509,"474,486,527"
512,"488,549"
515,502
521,497
528,548
529,573
531,545
532,562
535,"517,536"
542,534
546,536
552,526
555,"550,618"
556,"563,588,594"
558,575
562,582
563,588
564,1882
570,593
572,"552,613"
578,"548,618"
582,"532,570"
589,572
593,570
594,593
596,591
598,"601,609,611"
604,"580,582"
610,596
613,599
631,604
633,867
635,"572,589,627"
638,622
639,655
641,616
643,871
645,635
648,625
649,"652,1905,1906"
650,641
651,632
653,"618,620"
654,1908
657,1910
658,1912
659,"1913,1920"
662,1914
663,646
669,1146
674,915
679,"680,927"
681,948
687,"77,80,685,686"
691,101
693,"105,699"
695,107
696,"697,698,701,702"
699,125
705,709
709,699
710,"707,709,711,716,717"
711,717
720,"725,732"
726,722
731,291
734,"729,736"
737,728
738,732
739,"728,737"
740,"732,733,738"
741,730
742,"730,741"
743,739
744,754
748,762
749,"753,761"
751,741
754,"740,748"
767,397
772,"781,782,788,790,798,802,809"
775,"765,787"
779,785
781,"782,788,790,798,802,809"
782,772
784,"434,785,791"
787,"775,782"
789,"784,791,797"
795,"787,798"
796,804
797,810
801,463
808,798
818,821
819,821
820,818
824,843
830,544
838,855
842,861
845,843
849,836
853,862
857,858
861,868
864,"609,630"
871,643
873,883
874,888
875,"870,882"
876,905
880,894
882,892
883,835
887,663
891,909
894,904
900,911
902,"916,924"
909,888
910,671
913,673
916,930
928,"946,963"
929,"922,935,972"
931,"933,962"
933,962
936,947
938,680
941,965
942,955
943,944
946,945
951,947
955,952
957,954
965,941
967,684
968,951
974,977
976,974
978,981
984,"996,999,1000"
991,1988
993,1020
999,1000
1004,1037
1007,1031
1019,1021
1023,1060
1024,1063
1026,"1010,1027"
1030,1053
1043,"1017,1022,1038,1061"
1047,"1031,1049"
1052,1062
1055,"1064,1066,1068,1069,1112"
1056,1073
1059,"1064,1112"
1065,1104
1067,1038
1068,1083
1069,1066
1073,2039
1077,"1071,1088"
1086,1116
1092,1091
1094,1107
1097,1087
1098,1099
1100,"1083,1118"
1101,"1099,1108"
1102,"1094,1109,1118"
1103,1118
1104,"1074,1112"
1113,"1115,1119"
1122,1118
1123,"1111,2101"
1131,1128
1133,"1132,2120"
1138,"1148,1898"
1141,1144
1146,669
1150,1940
1153,1159
1167,1182
1168,1178
1171,1161
1172,"1164,1167,1168"
1173,1179
1183,1189
1185,1188
1186,1201
1191,"1182,1188"
1192,1178
1193,"1176,1187"
1194,"1186,1201"
1201,1223
1210,1215
1212,1224
1214,2044
1216,1221
1219,"1229,1230"
1228,1243
1232,"1223,1231"
1234,1239
1241,1244
1250,1248
1253,1251
1258,1256
1259,1270
1262,"2109,2114"
1267,1264
1270,1279
1280,1278
1281,1279
1282,1285
1288,1278
1294,"1302,1304"
1300,1293
1306,1304
1310,1326
1312,1295
1314,1303
1316,1318
1320,1296
1329,1323
1337,1319
1346,1337
1348,"1341,1366"
1364,1404
1365,1358
1367,1374
1374,1365
1376,1372
1387,2236
1408,1425
1409,1402
1411,1417
1415,1429
1416,1409
1418,"1409,1416"
1419,"1396,1412"
1425,1408
1430,"1415,1429"
1431,1430
1454,"1447,1474"
1459,1484
1468,1484
1470,1461
1481,1483
1482,"1490,1491"
1484,1471
1486,"1471,1484"
1490,1501
1491,"1504,1519"
1493,"1481,1483,1495"
1501,1506
1503,1512
1508,"1500,1511"
1512,1517
1515,1513
1525,1536
1532,1527
1545,1539
1553,1557
1560,1571
1568,"1595,1617"
1571,1560
1577,1576
1582,1593
1585,1576
1593,1600
1594,"1571,1587"
1596,1597
1598,1603
1604,1602
1611,1608
1625,1624
1628,"1615,1623"
1643,1638
1646,1644
1666,1660
1667,"1655,1660,1666,1674"
1668,"1676,2455"
1676,2455
1697,1704
1702,1701
1705,1706
1708,1710
1709,2483
1713,1703
1714,1718
1716,"1712,1715"
1718,1721
1730,1729
1740,1741
1763,1755
1777,1779
1780,1786
1781,1785
1784,1782
1799,1804
1805,1814
1816,1813
1819,1815
1822,1823
1825,1821
1828,"1829,1837,1838"
1835,"1831,1844"
1837,1840
1842,1838
1852,"1850,2670,2675"
1858,1859
1867,1873
1869,1868
1872,521
1876,"564,1882"
1877,"1869,1883"
1890,1900
1895,1892
1900,"1141,1144"
1901,"1142,1149,1896,1904"
1903,"1148,1898"
1904,"1149,1896"
1905,"649,1906"
1909,"635,645,655,657,1910,1917"
1910,657
1915,664
1916,"665,1911"
1919,1911
1923,"655,662,1909,1914,1917"
1926,901
1928,1917
1931,1928
1935,1937
1940,1150
1947,1941
1948,1954
1952,1983
1957,1940
1958,1938
1960,1965
1964,1971
1968,"1955,1964"
1979,1970
1988,2016
1990,"1969,1981"
1996,"1984,1995"
2000,2007
2003,1996
2006,2008
2008,2033
2010,2033
2021,2029
2025,"2019,2056"
2026,2016
2027,"2003,2010,2020,2041"
2030,2054
2031,2033
2033,2031
2037,2048
2040,2031
2042,2033
2048,2037
2049,"2054,2059"
2054,2049
2056,2074
2060,2042
2063,1086
2065,2066
2068,2083
2071,"2057,2058,2079,2082"
2072,2056
2074,2056
2082,2079
2088,"1111,2097"
2090,2092
2101,"1123,2104"
2107,2120
2108,"1257,2109"
2114,2109
2116,2121
2120,2107
2122,2130
2125,2140
2128,"1288,2109,2114"
2132,2125
2133,2151
2136,1134
2138,2140
2154,"1135,2203"
2160,2167
2167,2166
2168,2162
2169,"2170,2184,2199"
2170,2168
2174,2172
2175,2190
2190,2166
2193,1349
2198,2217
2201,"2188,2219"
2204,"2205,2240"
2217,"2186,2190,2198"
2219,2228
2220,"2209,2222"
2222,"2200,2209,2229"
2225,2208
2228,2237
2230,2217
2231,2247
2232,2230
2233,2240
2238,2224
2240,2249
2242,"2235,2251,2260"
2247,1405
2251,2260
2252,2255
2254,2281
2256,"1408,2263"
2259,2250
2260,2251
2261,2267
2262,"2249,2269,2300"
2263,2266
2265,2273
2272,"2250,2259,2278,2280"
2273,2270
2282,"2266,2286,2288"
2283,2282
2284,2279
2288,2286
2290,2301
2293,2313
2300,2315
2302,2315
2303,2292
2306,"2300,2308,2318"
2315,2323
2321,1477
2325,2318
2335,"2322,2327,2341"
2342,2358
2343,2356
2346,2341
2350,2357
2355,1510
2356,2366
2357,2342
2362,2363
2373,1538
2375,2372
2376,2387
2377,2368
2387,2389
2392,2393
2393,2392
2405,2398
2416,2418
2417,2426
2424,2432
2433,2425
2450,"1668,2455"
2452,2460
2459,2454
2480,2479
2483,"1709,2485"
2487,2482
2495,2494
2504,2508
2513,2508
2515,2526
2519,2526
2520,2525
2526,2533
2538,"2529,2542"
2539,2538
2540,2539
2541,2551
2544,2552
2547,2550
2548,2540
2553,"2548,2564,2569"
2564,2553
2567,"2544,2568"
2568,2585
2572,2556
2578,2576
2591,2593
2603,2598
2607,2602
2614,2604
2618,"2611,2620"
2626,2633
2630,2625
2634,2641
2646,2651
2648,2641
2650,2656
2651,2653
2662,2667
2663,1841
2678,2676